{"hparam/accuracy":21.87,"global_step":0,"_timestamp":1.7418288569530628e+09,"_runtime":10.076792706,"_step":0,"_wandb":{"runtime":10}}