{"_step":0,"hparam/accuracy":53.79,"global_step":0,"_timestamp":1.7418249797771301e+09,"_runtime":10.027177811,"_wandb":{"runtime":10}}