{"hparam/accuracy":63.14,"global_step":0,"_timestamp":1.7418278878776379e+09,"_runtime":9.990343573,"_step":0,"_wandb":{"runtime":9}}