{"_step":0,"_wandb":{"runtime":9},"hparam/accuracy":49.15,"global_step":0,"_timestamp":1.7418258357539642e+09,"_runtime":9.903178243}