{"_wandb":{"runtime":9},"hparam/accuracy":80.74,"global_step":0,"_timestamp":1.7418269179321103e+09,"_runtime":9.999017054,"_step":0}